{"componentChunkName":"component---src-components-star-system-js","path":"/system/Gliese 876","result":{"pageContext":{"name":"Gliese 876","distance":15.25043773651123,"stars":[{"starId":"60","spectralType":"M3.5V","absoluteMagnitude":11.789999961853027,"mass":0.3700000047683716,"radius":0.37599998712539673,"temperature":3129,"luminosity":0.012199999764561653,"starName":"Gliese 876","discoveryYear":null,"planets":[{"id":"44","planetName":"GJ 876 d","mass":6.829999923706055,"radius":2.456602228751966,"isRadiusPredicted":true,"temperature":580,"discoveryMethod":"radial_velocity","discoveryYear":2005,"orbit":{"period":1.9377800226211548,"semiMajorAxis":0.020806999877095222,"eccentricity":0.2070000022649765,"inclination":59}},{"id":"43","planetName":"GJ 876 c","mass":226.98460388183594,"radius":12.173378658671304,"isRadiusPredicted":true,"temperature":232,"discoveryMethod":"radial_velocity","discoveryYear":2000,"orbit":{"period":30.08810043334961,"semiMajorAxis":0.1295900046825409,"eccentricity":0.2559100091457367,"inclination":59}},{"id":"42","planetName":"GJ 876 b","mass":723.2235107421875,"radius":12.315268717208156,"isRadiusPredicted":true,"temperature":183,"discoveryMethod":"radial_velocity","discoveryYear":1998,"orbit":{"period":61.116600036621094,"semiMajorAxis":0.20831699669361115,"eccentricity":0.03240000084042549,"inclination":59}},{"id":"45","planetName":"GJ 876 e","mass":14.600000381469727,"radius":3.730761909991451,"isRadiusPredicted":true,"temperature":144,"discoveryMethod":"radial_velocity","discoveryYear":2010,"orbit":{"period":124.26000213623047,"semiMajorAxis":0.3343000113964081,"eccentricity":0.054999999701976776,"inclination":59}}]}],"starCount":1,"rightAscension":343.3197326660156,"declination":-14.26369571685791}}}