{"componentChunkName":"component---src-components-star-system-js","path":"/system/Wolf 1061","result":{"pageContext":{"name":"Wolf 1061","distance":14.045781135559082,"stars":[{"starId":"50","spectralType":"M3V","absoluteMagnitude":11.869999885559082,"mass":0.2939999997615814,"radius":0.3070000112056732,"temperature":3342,"luminosity":0.010200000368058681,"starName":"Wolf 1061","discoveryYear":1919,"planets":[{"id":"37","planetName":"Wolf 1061 b","mass":1.909999966621399,"radius":1.218910462945077,"isRadiusPredicted":true,"temperature":413,"discoveryMethod":"radial_velocity","discoveryYear":2015,"orbit":{"period":4.886899948120117,"semiMajorAxis":0.03750000149011612,"eccentricity":0.15000000596046448,"inclination":null}},{"id":"38","planetName":"Wolf 1061 c","mass":3.4100000858306885,"radius":1.6765571866893143,"isRadiusPredicted":true,"temperature":268,"discoveryMethod":"radial_velocity","discoveryYear":2015,"orbit":{"period":17.87190055847168,"semiMajorAxis":0.08900000154972076,"eccentricity":0.10999999940395355,"inclination":null}},{"id":"39","planetName":"Wolf 1061 d","mass":7.699999809265137,"radius":2.6240575166462867,"isRadiusPredicted":true,"temperature":116,"discoveryMethod":"radial_velocity","discoveryYear":2015,"orbit":{"period":217.2100067138672,"semiMajorAxis":0.4699999988079071,"eccentricity":0.550000011920929,"inclination":null}}]}],"starCount":1,"rightAscension":247.5752410888672,"declination":-12.662590026855469}}}