{"componentChunkName":"component---src-components-star-system-js","path":"/system/LHS 1140","result":{"pageContext":{"name":"LHS 1140","distance":48.89929962158203,"stars":[{"starId":"131","spectralType":"M4.5V","absoluteMagnitude":null,"mass":0.1459999978542328,"radius":0.1860000044107437,"temperature":3131,"luminosity":0.0029810001142323017,"starName":"LHS 1140","discoveryYear":null,"planets":[{"id":"148","planetName":"LHS 1140 c","mass":1.809999942779541,"radius":1.281999945640564,"isRadiusPredicted":false,"temperature":438,"discoveryMethod":"transit","discoveryYear":2018,"orbit":{"period":3.777930974960327,"semiMajorAxis":0.026750000193715096,"eccentricity":0.3100000023841858,"inclination":89.91999816894531}},{"id":"147","planetName":"LHS 1140 b","mass":6.980000019073486,"radius":1.7269999980926514,"isRadiusPredicted":false,"temperature":235,"discoveryMethod":"transit","discoveryYear":2017,"orbit":{"period":24.73695945739746,"semiMajorAxis":0.09359999746084213,"eccentricity":0.05999999865889549,"inclination":89.88999938964844}}]}],"starCount":1,"rightAscension":11.247214317321777,"declination":-15.271539688110352}}}