{"componentChunkName":"component---src-components-star-system-js","path":"/system/HD 69830","result":{"pageContext":{"name":"HD 69830","distance":40.97724914550781,"stars":[{"starId":"110","spectralType":"G8V","absoluteMagnitude":5.46999979019165,"mass":0.8629999756813049,"radius":0.9049999713897705,"temperature":5394,"luminosity":0.621999979019165,"starName":"HD 69830","discoveryYear":null,"planets":[{"id":"114","planetName":"HD 69830 b","mass":10.199999809265137,"radius":3.0629051436380887,"isRadiusPredicted":true,"temperature":798,"discoveryMethod":"radial_velocity","discoveryYear":2006,"orbit":{"period":8.666999816894531,"semiMajorAxis":0.07850000262260437,"eccentricity":0.10000000149011612,"inclination":null}},{"id":"115","planetName":"HD 69830 c","mass":11.800000190734863,"radius":3.31847511347406,"isRadiusPredicted":true,"temperature":518,"discoveryMethod":"radial_velocity","discoveryYear":2006,"orbit":{"period":31.559999465942383,"semiMajorAxis":0.1860000044107437,"eccentricity":0.12999999523162842,"inclination":null}},{"id":"116","planetName":"HD 69830 d","mass":18.100000381469727,"radius":4.198814404041459,"isRadiusPredicted":true,"temperature":281,"discoveryMethod":"radial_velocity","discoveryYear":2006,"orbit":{"period":197,"semiMajorAxis":0.6299999952316284,"eccentricity":0.07000000029802322,"inclination":null}}]}],"starCount":1,"rightAscension":124.59977722167969,"declination":-12.632169723510742}}}