{"componentChunkName":"component---src-components-star-system-js","path":"/system/Wolf 359","result":{"pageContext":{"name":"Wolf 359","distance":7.894754886627197,"stars":[{"starId":"9","spectralType":"M6.5Ve","absoluteMagnitude":16.649999618530273,"mass":0.09000000357627869,"radius":0.1599999964237213,"temperature":2800,"luminosity":0.00139999995008111,"starName":"Wolf 359","discoveryYear":1917,"planets":[{"id":"11","planetName":"Wolf 359 c","mass":3.799999952316284,"radius":1.779444439324347,"isRadiusPredicted":true,"temperature":500,"discoveryMethod":"radial_velocity","discoveryYear":2019,"orbit":{"period":2.687000036239624,"semiMajorAxis":0.017999999225139618,"eccentricity":0.15000000596046448,"inclination":null}},{"id":"12","planetName":"Wolf 359 b","mass":43.900001525878906,"radius":6.835321580863453,"isRadiusPredicted":true,"temperature":50,"discoveryMethod":"radial_velocity","discoveryYear":2019,"orbit":{"period":2938,"semiMajorAxis":1.8450000286102295,"eccentricity":0.03999999910593033,"inclination":null}}]}],"starCount":1,"rightAscension":164.12010192871094,"declination":7.014540195465088}}}