{"componentChunkName":"component---src-components-star-system-js","path":"/system/GJ 433","result":{"pageContext":{"name":"GJ 433","distance":29.57240104675293,"stars":[{"starId":"85","spectralType":"M1.5V","absoluteMagnitude":10.010000228881836,"mass":0.47999998927116394,"radius":0.47999998927116394,"temperature":3550,"luminosity":0.032999999821186066,"starName":"GJ 433","discoveryYear":null,"planets":[{"id":"80","planetName":"GJ 433 b","mass":6.043000221252441,"radius":2.2966371877261196,"isRadiusPredicted":true,"temperature":431,"discoveryMethod":"radial_velocity","discoveryYear":2011,"orbit":{"period":7.370500087738037,"semiMajorAxis":0.06199999898672104,"eccentricity":0.03999999910593033,"inclination":null}},{"id":"82","planetName":"GJ 433 d","mass":5.2230000495910645,"radius":2.1196271497737147,"isRadiusPredicted":true,"temperature":254,"discoveryMethod":"radial_velocity","discoveryYear":2020,"orbit":{"period":36.058998107910156,"semiMajorAxis":0.17800000309944153,"eccentricity":0.07000000029802322,"inclination":null}},{"id":"81","planetName":"GJ 433 c","mass":32.422000885009766,"radius":5.7858258098915405,"isRadiusPredicted":true,"temperature":48,"discoveryMethod":"radial_velocity","discoveryYear":2014,"orbit":{"period":5094.10498046875,"semiMajorAxis":4.818999767303467,"eccentricity":0.11999999731779099,"inclination":null}}]}],"starCount":1,"rightAscension":173.86227416992188,"declination":-32.53996658325195}}}