{"componentChunkName":"component---src-components-star-system-js","path":"/system/Tau Ceti","result":{"pageContext":{"name":"Tau Ceti","distance":11.905255317687988,"stars":[{"starId":"32","spectralType":"G8Vp","absoluteMagnitude":5.690000057220459,"mass":0.7829999923706055,"radius":0.7929999828338623,"temperature":5344,"luminosity":0.5199999809265137,"starName":"Tau Ceti","discoveryYear":null,"planets":[{"id":"25","planetName":"Tau Ceti g","mass":1.75,"radius":1.1616475584136872,"isRadiusPredicted":true,"temperature":586,"discoveryMethod":"radial_velocity","discoveryYear":2017,"orbit":{"period":20,"semiMajorAxis":0.13300000131130219,"eccentricity":0.05999999865889549,"inclination":null}},{"id":"26","planetName":"Tau Ceti h","mass":1.8300000429153442,"radius":1.1905607536805791,"isRadiusPredicted":true,"temperature":434,"discoveryMethod":"radial_velocity","discoveryYear":2017,"orbit":{"period":49.40999984741211,"semiMajorAxis":0.24300000071525574,"eccentricity":0.23000000417232513,"inclination":null}},{"id":"23","planetName":"Tau Ceti e","mass":3.930000066757202,"radius":1.8126725743045715,"isRadiusPredicted":true,"temperature":291,"discoveryMethod":"radial_velocity","discoveryYear":2017,"orbit":{"period":162.8699951171875,"semiMajorAxis":0.5379999876022339,"eccentricity":0.18000000715255737,"inclination":null}},{"id":"24","planetName":"Tau Ceti f","mass":3.930000066757202,"radius":1.8126725743045715,"isRadiusPredicted":true,"temperature":185,"discoveryMethod":"radial_velocity","discoveryYear":2017,"orbit":{"period":636.1300048828125,"semiMajorAxis":1.3339999914169312,"eccentricity":0.1599999964237213,"inclination":null}}]}],"starCount":1,"rightAscension":26.017013549804688,"declination":-15.937479972839355}}}