{"componentChunkName":"component---src-components-star-system-js","path":"/system/HD 20794","result":{"pageContext":{"name":"HD 20794","distance":19.710906982421875,"stars":[{"starId":"71","spectralType":"G6V","absoluteMagnitude":5.340000152587891,"mass":0.699999988079071,"radius":0.9200000166893005,"temperature":5401,"luminosity":0.7400000095367432,"starName":"82 G. Eridani","discoveryYear":null,"planets":[{"id":"55","planetName":"82 G. Edidani b","mass":2.700000047683716,"radius":1.474529724217463,"isRadiusPredicted":true,"temperature":660,"discoveryMethod":"radial_velocity","discoveryYear":2011,"orbit":{"period":18.315000534057617,"semiMajorAxis":0.12070000171661377,"eccentricity":0,"inclination":90}},{"id":"56","planetName":"82 G. Edidani c","mass":2.4000000953674316,"radius":1.3820369345824994,"isRadiusPredicted":true,"temperature":508,"discoveryMethod":"radial_velocity","discoveryYear":2011,"orbit":{"period":40.11399841308594,"semiMajorAxis":0.20360000431537628,"eccentricity":0,"inclination":90}},{"id":"57","planetName":"82 G. Edidani d","mass":4.800000190734863,"radius":2.0234205071907776,"isRadiusPredicted":true,"temperature":388,"discoveryMethod":"radial_velocity","discoveryYear":2011,"orbit":{"period":90.30899810791016,"semiMajorAxis":0.3499000072479248,"eccentricity":0,"inclination":90}},{"id":"58","planetName":"82 G. Edidani e","mass":4.769999980926514,"radius":2.0164551398488815,"isRadiusPredicted":true,"temperature":327,"discoveryMethod":"radial_velocity","discoveryYear":2017,"orbit":{"period":147.02000427246094,"semiMajorAxis":0.5090000033378601,"eccentricity":0.28999999165534973,"inclination":null}}]}],"starCount":1,"rightAscension":49.98188018798828,"declination":-43.06978225708008}}}