{"componentChunkName":"component---src-components-star-system-js","path":"/system/Teegarden's Star","result":{"pageContext":{"name":"Teegarden's Star","distance":12.495709419250488,"stars":[{"starId":"39","spectralType":"M6.5V","absoluteMagnitude":17.219999313354492,"mass":0.07999999821186066,"radius":0.12700000405311584,"temperature":2637,"luminosity":0.0007300000288523734,"starName":"Teegarden's Star","discoveryYear":2003,"planets":[{"id":"33","planetName":"Teegarden b","mass":1.0499999523162842,"radius":0.8771170653631855,"isRadiusPredicted":true,"temperature":260,"discoveryMethod":"radial_velocity","discoveryYear":2019,"orbit":{"period":4.909999847412109,"semiMajorAxis":0.025200000032782555,"eccentricity":0,"inclination":null}},{"id":"34","planetName":"Teegarden c","mass":1.1100000143051147,"radius":0.9043386630864783,"isRadiusPredicted":true,"temperature":196,"discoveryMethod":"radial_velocity","discoveryYear":2019,"orbit":{"period":11.409000396728516,"semiMajorAxis":0.04430000111460686,"eccentricity":0,"inclination":null}}]}],"starCount":1,"rightAscension":43.25371551513672,"declination":16.881288528442383}}}