{"componentChunkName":"component---src-components-star-system-js","path":"/system/Kapteyn's Star","result":{"pageContext":{"name":"Kapteyn's Star","distance":12.82937240600586,"stars":[{"starId":"42","spectralType":"M1.5V","absoluteMagnitude":10.890000343322754,"mass":0.27399998903274536,"radius":0.29100000858306885,"temperature":3550,"luminosity":0.012000000104308128,"starName":"Kapteyn's Star","discoveryYear":1898,"planets":[{"id":"35","planetName":"Kapteyn b","mass":4.800000190734863,"radius":2.0234205071907776,"isRadiusPredicted":true,"temperature":203,"discoveryMethod":"radial_velocity","discoveryYear":2014,"orbit":{"period":48.61600112915039,"semiMajorAxis":0.1679999977350235,"eccentricity":0.20999999344348907,"inclination":null}},{"id":"36","planetName":"Kapteyn c","mass":7,"radius":2.490046051855737,"isRadiusPredicted":true,"temperature":149,"discoveryMethod":"radial_velocity","discoveryYear":2014,"orbit":{"period":121.54000091552734,"semiMajorAxis":0.3109999895095825,"eccentricity":0.23000000417232513,"inclination":null}}]}],"starCount":1,"rightAscension":77.91912078857422,"declination":-45.0184326171875}}}