{"componentChunkName":"component---src-components-star-system-js","path":"/system/HD 136352","result":{"pageContext":{"name":"HD 136352","distance":47.90654373168945,"stars":[{"starId":"129","spectralType":"G2V","absoluteMagnitude":4.928899765014648,"mass":0.9100000262260437,"radius":1.0399999618530273,"temperature":5664,"luminosity":0.9900000095367432,"starName":"HD 136352","discoveryYear":null,"planets":[{"id":"143","planetName":"HD 136352 b","mass":4.809999942779541,"radius":2.025737866623359,"isRadiusPredicted":true,"temperature":822,"discoveryMethod":"radial_velocity","discoveryYear":2019,"orbit":{"period":11.58240032196045,"semiMajorAxis":0.0934000015258789,"eccentricity":0.14000000059604645,"inclination":null}},{"id":"144","planetName":"HD 136352 c","mass":10.800000190734863,"radius":3.160723656274472,"isRadiusPredicted":true,"temperature":615,"discoveryMethod":"radial_velocity","discoveryYear":2019,"orbit":{"period":27.58209991455078,"semiMajorAxis":0.16660000383853912,"eccentricity":0.03999999910593033,"inclination":null}},{"id":"145","planetName":"HD 136352 d","mass":8.579999923706055,"radius":2.7849760413089335,"isRadiusPredicted":true,"temperature":391,"discoveryMethod":"radial_velocity","discoveryYear":2019,"orbit":{"period":107.59829711914062,"semiMajorAxis":0.41280001401901245,"eccentricity":0.09000000357627869,"inclination":null}}]}],"starCount":1,"rightAscension":230.45062255859375,"declination":-48.317626953125}}}